0,0.0001,358067.84633636475,36.08255312591791,358067.84633636475,0.15021219104528427,0.15021219104528427,36.08255312591791,358067.84633636475
1,9.8e-05,11550.517658472061,34.42415206134319,11550.517658472061,0.1392322562634945,0.1392322562634945,34.42415206134319,11550.517658472061
2,9.604e-05,533.504735827446,32.74682188779116,533.504735827446,0.12722760513424874,0.12722760513424874,32.74682188779116,533.504735827446
3,9.41192e-05,202.53398004174232,29.72855779528618,202.53398004174232,0.1148734599351883,0.1148734599351883,29.72855779528618,202.53398004174232
4,9.2236816e-05,112.46814535558224,28.084372743964195,112.46814535558224,0.09953640848398208,0.09953640848398208,28.084372743964195,112.46814535558224
5,9.039207968e-05,83.65760673582554,24.819535844027996,83.65760673582554,0.10759498178958893,0.09953640848398208,24.819535844027996,83.65760673582554
6,8.858423808639999e-05,69.13971447944641,25.520683281123638,69.13971447944641,0.1018595814704895,0.09953640848398208,24.819535844027996,69.13971447944641
7,8.681255332467199e-05,71.07203859090805,23.769004069268703,71.07203859090805,0.10541554540395737,0.09953640848398208,23.769004069268703,69.13971447944641
8,8.507630225817855e-05,58.59047354757786,24.27621515095234,58.59047354757786,0.10641693770885467,0.09953640848398208,23.769004069268703,58.59047354757786
9,8.337477621301498e-05,52.00599217414856,23.25427121669054,52.00599217414856,0.11800191849470139,0.09953640848398208,23.25427121669054,52.00599217414856
10,8.170728068875468e-05,49.29750667512417,23.625049628317356,49.29750667512417,0.1414544962346554,0.09953640848398208,23.25427121669054,49.29750667512417
11,8.00731350749796e-05,46.275090634822845,22.865023024380207,46.275090634822845,0.10586986392736435,0.09953640848398208,22.865023024380207,46.275090634822845
12,7.847167237347999e-05,44.231911815702915,22.89841153472662,44.231911815702915,0.11910459920763969,0.09953640848398208,22.865023024380207,44.231911815702915
13,7.690223892601038e-05,42.341375946998596,22.44997725263238,42.341375946998596,0.11967774629592895,0.09953640848398208,22.44997725263238,42.341375946998596
14,7.536419414749018e-05,47.272363282740116,23.755687423050404,47.272363282740116,0.10256431251764297,0.09953640848398208,22.44997725263238,42.341375946998596
15,7.385691026454039e-05,39.99719522148371,22.951298519968987,39.99719522148371,0.11671026647090912,0.09953640848398208,22.44997725263238,39.99719522148371
16,7.237977205924956e-05,38.517025880515575,22.27819238230586,38.517025880515575,0.11660218089818955,0.09953640848398208,22.27819238230586,38.517025880515575
17,7.093217661806457e-05,44.204543340951204,22.01147073507309,44.204543340951204,0.11042077913880348,0.09953640848398208,22.01147073507309,38.517025880515575
18,6.951353308570328e-05,35.00816169381142,21.024115324020386,35.00816169381142,0.15569249168038368,0.09953640848398208,21.024115324020386,35.00816169381142
19,6.812326242398921e-05,36.063926719129086,22.18710145354271,36.063926719129086,0.12898262739181518,0.09953640848398208,21.024115324020386,35.00816169381142
20,6.676079717550943e-05,37.3498592376709,22.762047838419676,37.3498592376709,0.13558862507343292,0.09953640848398208,21.024115324020386,35.00816169381142
21,6.542558123199923e-05,34.27948673814535,22.661855943500996,34.27948673814535,0.11695819050073623,0.09953640848398208,21.024115324020386,34.27948673814535
22,6.411706960735925e-05,32.64011437445879,22.143006175756454,32.64011437445879,0.127593557536602,0.09953640848398208,21.024115324020386,32.64011437445879
23,6.283472821521206e-05,37.36424472928047,21.583458859473467,37.36424472928047,0.11295304745435715,0.09953640848398208,21.024115324020386,32.64011437445879
24,6.157803365090782e-05,30.92313626408577,20.850601453334093,30.92313626408577,0.12253321334719658,0.09953640848398208,20.850601453334093,30.92313626408577
25,6.034647297788967e-05,33.373689100146294,21.43357416987419,33.373689100146294,0.1260216936469078,0.09953640848398208,20.850601453334093,30.92313626408577
26,5.9139543518331874e-05,29.397964231669903,20.640512496232986,29.397964231669903,0.12302604913711548,0.09953640848398208,20.640512496232986,29.397964231669903
27,5.795675264796523e-05,29.007291235029697,20.412786539644003,29.007291235029697,0.11508153527975082,0.09953640848398208,20.412786539644003,29.007291235029697
28,5.6797617595005923e-05,28.706987507641315,20.19782643392682,28.706987507641315,0.11625007539987564,0.09953640848398208,20.19782643392682,28.706987507641315
29,5.566166524310581e-05,26.83896431326866,19.799628350883722,26.83896431326866,0.12239275202155113,0.09953640848398208,19.799628350883722,26.83896431326866
30,5.454843193824369e-05,28.584403701126575,20.88355814293027,28.584403701126575,0.12396871373057365,0.09953640848398208,19.799628350883722,26.83896431326866
31,5.345746329947882e-05,27.317856192588806,19.808045879006386,27.317856192588806,0.13586583435535432,0.09953640848398208,19.799628350883722,26.83896431326866
32,5.2388314033489236e-05,26.406990610063076,19.858236581087112,26.406990610063076,0.1164280816912651,0.09953640848398208,19.799628350883722,26.406990610063076
33,5.1340547752819454e-05,27.189094841480255,20.651709090918303,27.189094841480255,0.1186999261379242,0.09953640848398208,19.799628350883722,26.406990610063076
34,5.0313736797763064e-05,33.40836826711893,20.215611517429352,33.40836826711893,0.12021861858665943,0.09953640848398208,19.799628350883722,26.406990610063076
35,4.93074620618078e-05,25.86529177427292,19.883846402168274,25.86529177427292,0.11628753319382668,0.09953640848398208,19.799628350883722,25.86529177427292
36,4.8321312820571645e-05,30.029307551681995,20.025362081825733,30.029307551681995,0.12919144257903098,0.09953640848398208,19.799628350883722,25.86529177427292
37,4.7354886564160214e-05,27.174152297899127,19.94607893936336,27.174152297899127,0.12722550556063653,0.09953640848398208,19.799628350883722,25.86529177427292
38,4.6407788832877e-05,25.64683225750923,19.998996499925852,25.64683225750923,0.11496415659785271,0.09953640848398208,19.799628350883722,25.64683225750923
39,4.547963305621947e-05,27.358441475778818,19.762515921145678,27.358441475778818,0.1243141271173954,0.09953640848398208,19.762515921145678,25.64683225750923
40,4.4570040395095074e-05,25.64482007920742,19.722121339291334,25.64482007920742,0.12037736140191554,0.09953640848398208,19.722121339291334,25.64482007920742
41,4.367863958719317e-05,24.839877024292946,19.44237084314227,24.839877024292946,0.13284093737602234,0.09953640848398208,19.44237084314227,24.839877024292946
42,4.2805066795449306e-05,26.857797641307116,19.26972220093012,26.857797641307116,0.12282831743359565,0.09953640848398208,19.26972220093012,24.839877024292946
43,4.194896545954032e-05,25.530561536550522,20.084997557103634,25.530561536550522,0.11609848886728287,0.09953640848398208,19.26972220093012,24.839877024292946
44,4.110998615034952e-05,25.080918721854687,19.9248534925282,25.080918721854687,0.12072155848145485,0.09953640848398208,19.26972220093012,24.839877024292946
45,4.028778642734252e-05,24.36119842901826,19.570185344666243,24.36119842901826,0.11079066097736359,0.09953640848398208,19.26972220093012,24.36119842901826
46,3.948203069879567e-05,24.960504237562418,19.212732888758183,24.960504237562418,0.1116451933979988,0.09953640848398208,19.212732888758183,24.36119842901826
47,3.869239008481976e-05,24.148718923330307,19.717882875353098,24.148718923330307,0.11935609206557274,0.09953640848398208,19.212732888758183,24.148718923330307
48,3.791854228312336e-05,23.51075891405344,19.046570893377066,23.51075891405344,0.11271002143621445,0.09953640848398208,19.046570893377066,23.51075891405344
49,3.71601714374609e-05,23.848487302660942,19.41373897343874,23.848487302660942,0.10689094364643097,0.09953640848398208,19.046570893377066,23.51075891405344
50,3.641696800871168e-05,24.889469504356384,19.56875840574503,24.889469504356384,0.13342707380652427,0.09953640848398208,19.046570893377066,23.51075891405344
51,3.568862864853744e-05,23.296918354928493,19.0688402839005,23.296918354928493,0.1335165798664093,0.09953640848398208,19.046570893377066,23.296918354928493
52,3.497485607556669e-05,25.19521513208747,18.764924567192793,25.19521513208747,0.11728770397603512,0.09953640848398208,18.764924567192793,23.296918354928493
53,3.4275358954055356e-05,26.048571899533272,19.496719364076853,26.048571899533272,0.11856456473469734,0.09953640848398208,18.764924567192793,23.296918354928493
54,3.358985177497425e-05,22.817605882883072,18.59514533355832,22.817605882883072,0.12008284665644169,0.09953640848398208,18.59514533355832,22.817605882883072
55,3.2918054739474766e-05,22.749427519738674,18.59408811107278,22.749427519738674,0.11615561991930008,0.09953640848398208,18.59408811107278,22.749427519738674
56,3.2259693644685266e-05,24.29161425679922,19.44393841922283,24.29161425679922,0.11344652622938156,0.09953640848398208,18.59408811107278,22.749427519738674
57,3.1614499771791564e-05,23.009795382618904,19.1357117369771,23.009795382618904,0.11556019559502602,0.09953640848398208,18.59408811107278,22.749427519738674
58,3.098220977635573e-05,25.32380547001958,18.798341926187277,25.32380547001958,0.11448702104389667,0.09953640848398208,18.59408811107278,22.749427519738674
59,3.0362565580828616e-05,23.98601894453168,18.276573978364468,23.98601894453168,0.12639796882867813,0.09953640848398208,18.276573978364468,22.749427519738674
60,2.9755314269212042e-05,22.281832106411457,18.735253669321537,22.281832106411457,0.116879902780056,0.09953640848398208,18.276573978364468,22.281832106411457
61,2.9160207983827804e-05,22.430721256881952,18.835189267992973,22.430721256881952,0.12214600592851639,0.09953640848398208,18.276573978364468,22.281832106411457
62,2.8577003824151242e-05,21.87108451128006,18.52093990519643,21.87108451128006,0.12287729009985923,0.09953640848398208,18.276573978364468,21.87108451128006
63,2.800546374766822e-05,21.73758978769183,18.220587883144617,21.73758978769183,0.11299652047455311,0.09953640848398208,18.220587883144617,21.73758978769183
64,2.744535447271485e-05,22.76958753541112,18.217098716646433,22.76958753541112,0.13433753922581673,0.09953640848398208,18.217098716646433,21.73758978769183
65,2.689644738326056e-05,21.06816079467535,17.741957537829876,21.06816079467535,0.12157374285161496,0.09953640848398208,17.741957537829876,21.06816079467535
66,2.6358518435595347e-05,21.454822666943073,18.304907508194447,21.454822666943073,0.12540209256112575,0.09953640848398208,17.741957537829876,21.06816079467535
67,2.583134806688344e-05,21.390366725623608,18.191448483616114,21.390366725623608,0.10779409222304821,0.09953640848398208,17.741957537829876,21.06816079467535
68,2.5314721105545768e-05,21.053800884634256,17.91218090802431,21.053800884634256,0.10330689176917077,0.09953640848398208,17.741957537829876,21.053800884634256
69,2.480842668343485e-05,21.1069640442729,18.016628969460726,21.1069640442729,0.11034209728240967,0.09953640848398208,17.741957537829876,21.053800884634256
70,2.4312258149766155e-05,21.865311831235886,17.988335710018873,21.865311831235886,0.11364568807184697,0.09953640848398208,17.741957537829876,21.053800884634256
71,2.3826012986770834e-05,21.781500704586506,17.9822367914021,21.781500704586506,0.12452132292091847,0.09953640848398208,17.741957537829876,21.053800884634256
72,2.3349492727035415e-05,21.82027567178011,18.89705914258957,21.82027567178011,0.11458770111203194,0.09953640848398208,17.741957537829876,21.053800884634256
73,2.2882502872494705e-05,20.535218197852373,17.685943327844143,20.535218197852373,0.11186597123742104,0.09953640848398208,17.685943327844143,20.535218197852373
74,2.242485281504481e-05,21.780029725283384,18.39941895008087,21.780029725283384,0.11333947218954563,0.09953640848398208,17.685943327844143,20.535218197852373
75,2.1976355758743913e-05,20.994965009391308,18.055766355246305,20.994965009391308,0.12263998501002789,0.09953640848398208,17.685943327844143,20.535218197852373
76,2.1536828643569033e-05,20.767178747802973,17.834746070206165,20.767178747802973,0.11757482923567295,0.09953640848398208,17.685943327844143,20.535218197852373
77,2.1106092070697655e-05,20.62399811297655,17.480382446199656,20.62399811297655,0.10243620052933693,0.09953640848398208,17.480382446199656,20.535218197852373
78,2.06839702292837e-05,21.180943846702576,18.36339147016406,21.180943846702576,0.10735513009130955,0.09953640848398208,17.480382446199656,20.535218197852373
79,2.0270290824698027e-05,21.315625198185444,18.584865368902683,21.315625198185444,0.11882462948560715,0.09953640848398208,17.480382446199656,20.535218197852373
80,1.9864885008204065e-05,20.84574679285288,18.124358136206865,20.84574679285288,0.11568310558795929,0.09953640848398208,17.480382446199656,20.535218197852373
81,1.9467587308039985e-05,22.034862246364355,18.208485063165426,22.034862246364355,0.1191650778055191,0.09953640848398208,17.480382446199656,20.535218197852373
82,1.9078235561879186e-05,21.861797869205475,17.86562094837427,21.861797869205475,0.11497270986437798,0.09953640848398208,17.480382446199656,20.535218197852373
83,1.86966708506416e-05,20.014816876500845,17.486540786921978,20.014816876500845,0.11120470575988292,0.09953640848398208,17.480382446199656,20.014816876500845
84,1.8322737433628767e-05,20.64042917639017,17.611501969397068,20.64042917639017,0.11942062936723233,0.09953640848398208,17.480382446199656,20.014816876500845
85,1.795628268495619e-05,21.33165778964758,18.015802636742592,21.33165778964758,0.1173145443201065,0.09953640848398208,17.480382446199656,20.014816876500845
86,1.7597157031257068e-05,20.680322587490082,17.36243074387312,20.680322587490082,0.10944215022027493,0.09953640848398208,17.36243074387312,20.014816876500845
87,1.7245213890631926e-05,21.148062240332365,18.134256694465876,21.148062240332365,0.11352897398173808,0.09953640848398208,17.36243074387312,20.014816876500845
88,1.6900309612819287e-05,20.675481744110584,17.507403932511806,20.675481744110584,0.11372741684317589,0.09953640848398208,17.36243074387312,20.014816876500845
89,1.65623034205629e-05,20.718326538801193,17.596638798713684,20.718326538801193,0.11226860992610455,0.09953640848398208,17.36243074387312,20.014816876500845
90,1.6231057352151644e-05,20.55601905286312,18.024070084095,20.55601905286312,0.10970538221299649,0.09953640848398208,17.36243074387312,20.014816876500845
91,1.590643620510861e-05,20.986476469784975,17.74670198187232,20.986476469784975,0.1229263000190258,0.09953640848398208,17.36243074387312,20.014816876500845
92,1.5588307481006436e-05,20.96463154628873,18.242063269019127,20.96463154628873,0.1144813496619463,0.09953640848398208,17.36243074387312,20.014816876500845
93,1.527654133138631e-05,20.440019965171814,17.755163595080376,20.440019965171814,0.11459272392094136,0.09953640848398208,17.36243074387312,20.014816876500845
94,1.4971010504758582e-05,20.526266522705555,18.175672002136707,20.526266522705555,0.11429844163358212,0.09953640848398208,17.36243074387312,20.014816876500845
95,1.4671590294663409e-05,19.601506680250168,17.2412129342556,19.601506680250168,0.12068202942609788,0.09953640848398208,17.2412129342556,19.601506680250168
96,1.4378158488770141e-05,21.174169827252626,18.062333550304174,21.174169827252626,0.12184894569218159,0.09953640848398208,17.2412129342556,19.601506680250168
97,1.409059531899474e-05,19.65579967200756,17.432228408753872,19.65579967200756,0.11220324002206325,0.09953640848398208,17.2412129342556,19.601506680250168
98,1.3808783412614842e-05,20.97788143530488,18.077451899647713,20.97788143530488,0.11416464112699032,0.09953640848398208,17.2412129342556,19.601506680250168
99,1.3532607744362546e-05,19.448958031833172,17.06728670373559,19.448958031833172,0.12547301389276982,0.09953640848398208,17.06728670373559,19.448958031833172
100,1.3261955589475295e-05,20.335978019982576,17.982445392757654,20.335978019982576,0.11921390518546104,0.09953640848398208,17.06728670373559,19.448958031833172
101,1.2996716477685788e-05,20.030746467411518,17.86018218100071,20.030746467411518,0.12246218137443066,0.09953640848398208,17.06728670373559,19.448958031833172
102,1.2736782148132073e-05,20.34070985764265,18.11440894380212,20.34070985764265,0.1100552137941122,0.09953640848398208,17.06728670373559,19.448958031833172
103,1.2482046505169431e-05,19.90346885472536,17.695925697684288,19.90346885472536,0.11006196700036526,0.09953640848398208,17.06728670373559,19.448958031833172
104,1.2232405575066044e-05,19.923420134931803,17.69236508011818,19.923420134931803,0.11703684404492379,0.09953640848398208,17.06728670373559,19.448958031833172
105,1.1987757463564723e-05,20.25371217355132,17.166342198848724,20.25371217355132,0.11743126176297665,0.09953640848398208,17.06728670373559,19.448958031833172
106,1.1748002314293427e-05,19.63089368864894,17.3194713704288,19.63089368864894,0.11334368661046028,0.09953640848398208,17.06728670373559,19.448958031833172
107,1.1513042268007558e-05,19.66541551053524,17.462421894073486,19.66541551053524,0.11750839650630951,0.09953640848398208,17.06728670373559,19.448958031833172
108,1.1282781422647407e-05,20.59619251266122,17.36948148906231,20.59619251266122,0.11465523093938827,0.09953640848398208,17.06728670373559,19.448958031833172
109,1.1057125794194459e-05,19.6140756867826,17.479861579835415,19.6140756867826,0.10967085175216199,0.09953640848398208,17.06728670373559,19.448958031833172
110,1.0835983278310569e-05,20.24431486055255,17.472244326025248,20.24431486055255,0.11370447129011155,0.09953640848398208,17.06728670373559,19.448958031833172
111,1.0619263612744358e-05,19.74017615802586,17.517161278054118,19.74017615802586,0.11262807846069336,0.09953640848398208,17.06728670373559,19.448958031833172
112,1.040687834048947e-05,19.88596773892641,17.376807522028685,19.88596773892641,0.11279346533119679,0.09953640848398208,17.06728670373559,19.448958031833172
113,1.0198740773679681e-05,19.520877718925476,17.368343949317932,19.520877718925476,0.1158732172101736,0.09953640848398208,17.06728670373559,19.448958031833172
114,9.994765958206086e-06,19.952252101153135,17.53321871906519,19.952252101153135,0.11644807942211628,0.09953640848398208,17.06728670373559,19.448958031833172
115,9.794870639041964e-06,20.161604050546885,18.194319013506174,20.161604050546885,0.12084069438278675,0.09953640848398208,17.06728670373559,19.448958031833172
116,9.598973226261125e-06,19.339477833360434,17.30547283217311,19.339477833360434,0.11840189769864082,0.09953640848398208,17.06728670373559,19.339477833360434
117,9.406993761735902e-06,19.013479866087437,16.906402681022882,19.013479866087437,0.1184677541255951,0.09953640848398208,16.906402681022882,19.013479866087437
118,9.218853886501185e-06,19.33865450322628,17.437639713287354,19.33865450322628,0.12223852723836899,0.09953640848398208,16.906402681022882,19.013479866087437
119,9.034476808771162e-06,19.70346573367715,17.781724460422993,19.70346573367715,0.11764029189944267,0.09953640848398208,16.906402681022882,19.013479866087437
120,8.853787272595737e-06,19.12758259475231,17.244479820132256,19.12758259475231,0.11944568306207656,0.09953640848398208,16.906402681022882,19.013479866087437
121,8.676711527143822e-06,20.42301807180047,17.776824697852135,20.42301807180047,0.11232597157359123,0.09953640848398208,16.906402681022882,19.013479866087437
122,8.503177296600947e-06,20.191319409757853,17.325763259083033,20.191319409757853,0.11170134283602237,0.09953640848398208,16.906402681022882,19.013479866087437
123,8.333113750668926e-06,19.260364346206188,17.315149895846844,19.260364346206188,0.1122283648699522,0.09953640848398208,16.906402681022882,19.013479866087437
124,8.166451475655548e-06,19.778941720724106,17.735989078879356,19.778941720724106,0.11149749308824539,0.09953640848398208,16.906402681022882,19.013479866087437
125,8.003122446142438e-06,19.41866796836257,17.576462108641863,19.41866796836257,0.1174465011805296,0.09953640848398208,16.906402681022882,19.013479866087437
126,7.843059997219589e-06,18.893294267356396,16.97646575793624,18.893294267356396,0.11711231768131256,0.09953640848398208,16.906402681022882,18.893294267356396
127,7.686198797275195e-06,19.36680629849434,17.291320081800222,19.36680629849434,0.11981682740151882,0.09953640848398208,16.906402681022882,18.893294267356396
128,7.532474821329692e-06,19.10023172944784,17.177231762558222,19.10023172944784,0.11776715815067292,0.09953640848398208,16.906402681022882,18.893294267356396
129,7.381825324903098e-06,20.359592854976654,17.6796420738101,20.359592854976654,0.12172150127589702,0.09953640848398208,16.906402681022882,18.893294267356396
130,7.234188818405035e-06,19.82077144831419,17.94208712503314,19.82077144831419,0.1175648108124733,0.09953640848398208,16.906402681022882,18.893294267356396
131,7.089505042036936e-06,18.909252919256687,17.081439152359962,18.909252919256687,0.11942507140338421,0.09953640848398208,16.906402681022882,18.893294267356396
132,6.947714941196197e-06,18.928203128278255,17.143055494874716,18.928203128278255,0.1194769449532032,0.09953640848398208,16.906402681022882,18.893294267356396
133,6.808760642372272e-06,19.354547206312418,17.52418650686741,19.354547206312418,0.11944658048450947,0.09953640848398208,16.906402681022882,18.893294267356396
134,6.672585429524826e-06,19.931002657860518,17.38767048716545,19.931002657860518,0.11616388335824013,0.09953640848398208,16.906402681022882,18.893294267356396
135,6.53913372093433e-06,19.93827812001109,17.487877398729324,19.93827812001109,0.11861105635762215,0.09953640848398208,16.906402681022882,18.893294267356396
136,6.408351046515644e-06,19.32646670937538,17.56514873728156,19.32646670937538,0.11803303025662899,0.09953640848398208,16.906402681022882,18.893294267356396
137,6.28018402558533e-06,19.468518793582916,17.570930257439613,19.468518793582916,0.11607133410871029,0.09953640848398208,16.906402681022882,18.893294267356396
138,6.154580345073624e-06,19.416529219597578,17.48073945939541,19.416529219597578,0.11857807114720345,0.09953640848398208,16.906402681022882,18.893294267356396
139,6.031488738172151e-06,19.508379563689232,17.221406880766153,19.508379563689232,0.11144839748740196,0.09953640848398208,16.906402681022882,18.893294267356396
140,5.910858963408708e-06,18.525698944926262,16.849021829664707,18.525698944926262,0.11930100619792938,0.09953640848398208,16.849021829664707,18.525698944926262
141,5.792641784140534e-06,19.09297340363264,16.90984358638525,19.09297340363264,0.12051871307194233,0.09953640848398208,16.849021829664707,18.525698944926262
142,5.676788948457723e-06,19.008722010999918,17.188538648188114,19.008722010999918,0.12239855751395226,0.09953640848398208,16.849021829664707,18.525698944926262
143,5.563253169488568e-06,18.741558257490396,16.98031810671091,18.741558257490396,0.12222980372607709,0.09953640848398208,16.849021829664707,18.525698944926262
144,5.4519881060987966e-06,18.640640076249838,17.001559037715197,18.640640076249838,0.11601027138531209,0.09953640848398208,16.849021829664707,18.525698944926262
145,5.342948343976821e-06,19.03296608105302,17.248232759535313,19.03296608105302,0.12194788679480553,0.09953640848398208,16.849021829664707,18.525698944926262
146,5.236089377097284e-06,18.388682585209608,16.610729545354843,18.388682585209608,0.12134026400744916,0.09953640848398208,16.610729545354843,18.388682585209608
147,5.131367589555338e-06,18.657034296542406,16.959142863750458,18.657034296542406,0.12230725400149822,0.09953640848398208,16.610729545354843,18.388682585209608
148,5.028740237764232e-06,18.929837558418512,17.218576103448868,18.929837558418512,0.1154429990798235,0.09953640848398208,16.610729545354843,18.388682585209608
149,4.928165433008947e-06,19.426287356764078,17.825961831957102,19.426287356764078,0.12456130795180798,0.09953640848398208,16.610729545354843,18.388682585209608
150,4.8296021243487675e-06,20.009838476777077,17.85860801115632,20.009838476777077,0.11945697329938412,0.09953640848398208,16.610729545354843,18.388682585209608
151,4.733010081861792e-06,19.42608555406332,17.707479618489742,19.42608555406332,0.12122436612844467,0.09953640848398208,16.610729545354843,18.388682585209608
152,4.638349880224557e-06,19.015987310558558,17.366538524627686,19.015987310558558,0.12047165110707284,0.09953640848398208,16.610729545354843,18.388682585209608
153,4.545582882620066e-06,18.364939846098423,16.75063644349575,18.364939846098423,0.11915619559586048,0.09953640848398208,16.610729545354843,18.364939846098423
154,4.454671224967664e-06,19.132466062903404,17.255498066544533,19.132466062903404,0.12073598951101303,0.09953640848398208,16.610729545354843,18.364939846098423
155,4.365577800468311e-06,20.07726977393031,17.836076363921165,20.07726977393031,0.1192678812891245,0.09953640848398208,16.610729545354843,18.364939846098423
156,4.278266244458945e-06,19.05568367242813,17.386031579226255,19.05568367242813,0.11962195560336113,0.09953640848398208,16.610729545354843,18.364939846098423
157,4.192700919569765e-06,18.888392005115747,17.204214345663786,18.888392005115747,0.12118498682975769,0.09953640848398208,16.610729545354843,18.364939846098423
158,4.10884690117837e-06,18.86003329604864,16.98039961233735,18.86003329604864,0.12020893879234791,0.09953640848398208,16.610729545354843,18.364939846098423
159,4.026669963154802e-06,19.18774877116084,17.48802810907364,19.18774877116084,0.12115297839045525,0.09953640848398208,16.610729545354843,18.364939846098423
160,3.946136563891706e-06,18.84331625699997,17.245337285101414,18.84331625699997,0.1211939886212349,0.09953640848398208,16.610729545354843,18.364939846098423
161,3.867213832613872e-06,18.94029177352786,17.35314355045557,18.94029177352786,0.12013818323612213,0.09953640848398208,16.610729545354843,18.364939846098423
162,3.7898695559615947e-06,18.65057611465454,16.878859143704176,18.65057611465454,0.11717817895114421,0.09953640848398208,16.610729545354843,18.364939846098423
163,3.7140721648423624e-06,19.194046925753355,17.571035627275705,19.194046925753355,0.11992329396307469,0.09953640848398208,16.610729545354843,18.364939846098423
164,3.6397907215455155e-06,19.281319860368967,17.328536715358496,19.281319860368967,0.12049097791314126,0.09953640848398208,16.610729545354843,18.364939846098423
165,3.566994907114605e-06,18.912203431129456,17.293579190969467,18.912203431129456,0.11766709424555302,0.09953640848398208,16.610729545354843,18.364939846098423
166,3.495655008972313e-06,18.78644309565425,17.140861958265305,18.78644309565425,0.11934228911995888,0.09953640848398208,16.610729545354843,18.364939846098423
167,3.4257419087928665e-06,19.166274283081293,17.600489657372236,19.166274283081293,0.11897826716303825,0.09953640848398208,16.610729545354843,18.364939846098423
168,3.3572270706170093e-06,18.891121599823236,17.25989380851388,18.891121599823236,0.11894761361181735,0.09953640848398208,16.610729545354843,18.364939846098423
169,3.2900825292046687e-06,18.61272517219186,16.950577065348625,18.61272517219186,0.1196591068059206,0.09953640848398208,16.610729545354843,18.364939846098423
170,3.2242808786205754e-06,18.659457236528397,17.102333713322878,18.659457236528397,0.12100796848535537,0.09953640848398208,16.610729545354843,18.364939846098423
171,3.159795261048164e-06,18.76288479194045,17.21509052067995,18.76288479194045,0.12077566944062709,0.09953640848398208,16.610729545354843,18.364939846098423
172,3.0965993558272005e-06,19.464663792401552,17.290532033890486,19.464663792401552,0.1184052050113678,0.09953640848398208,16.610729545354843,18.364939846098423
173,3.0346673687106565e-06,18.963302064687014,17.186909470707178,18.963302064687014,0.12005232535302639,0.09953640848398208,16.610729545354843,18.364939846098423
174,2.973974021336443e-06,18.768262337893248,17.185355484485626,18.768262337893248,0.1225127201527357,0.09953640848398208,16.610729545354843,18.364939846098423
175,2.9144945409097145e-06,19.609530771151185,17.571043549105525,19.609530771151185,0.11935649067163467,0.09953640848398208,16.610729545354843,18.364939846098423
176,2.8562046500915202e-06,19.47823830321431,17.479054402559996,19.47823830321431,0.11710995584726333,0.09953640848398208,16.610729545354843,18.364939846098423
177,2.79908055708969e-06,18.69274725392461,17.188130743801594,18.69274725392461,0.11671610660851002,0.09953640848398208,16.610729545354843,18.364939846098423
178,2.743098945947896e-06,19.294807605445385,17.18627830222249,19.294807605445385,0.1184547957032919,0.09953640848398208,16.610729545354843,18.364939846098423
179,2.6882369670289375e-06,18.75367236509919,17.22590570524335,18.75367236509919,0.11648174375295639,0.09953640848398208,16.610729545354843,18.364939846098423
180,2.634472227688359e-06,19.185363676398993,17.23321883752942,19.185363676398993,0.11658384576439858,0.09953640848398208,16.610729545354843,18.364939846098423
181,2.5817827831345917e-06,18.57275241985917,17.08640744537115,18.57275241985917,0.11620384603738784,0.09953640848398208,16.610729545354843,18.364939846098423
182,2.5301471274719e-06,18.258854128420353,16.343614224344492,18.258854128420353,0.11728259585797787,0.09953640848398208,16.343614224344492,18.258854128420353
183,2.4795441849224616e-06,18.42329502478242,16.874166782945395,18.42329502478242,0.11788413487374783,0.09953640848398208,16.343614224344492,18.258854128420353
184,2.4299533012240126e-06,19.325327813625336,17.800506979227066,19.325327813625336,0.1200712613761425,0.09953640848398208,16.343614224344492,18.258854128420353
185,2.3813542351995325e-06,18.671554271131754,17.132508229464293,18.671554271131754,0.11802394352853299,0.09953640848398208,16.343614224344492,18.258854128420353
186,2.3337271504955416e-06,18.64724249765277,17.10258311405778,18.64724249765277,0.11949367821216583,0.09953640848398208,16.343614224344492,18.258854128420353
187,2.287052607485631e-06,19.424426078796387,17.22835325449705,19.424426078796387,0.11719681434333325,0.09953640848398208,16.343614224344492,18.258854128420353
188,2.241311555335918e-06,18.485702078789473,16.996379911899567,18.485702078789473,0.11811158694326877,0.09953640848398208,16.343614224344492,18.258854128420353
189,2.1964853242291997e-06,19.12973329424858,17.345601830631495,19.12973329424858,0.11902377642691135,0.09953640848398208,16.343614224344492,18.258854128420353
190,2.152555617744616e-06,18.316878229379654,16.515609364956617,18.316878229379654,0.1172048881649971,0.09953640848398208,16.343614224344492,18.258854128420353
191,2.1095045053897233e-06,18.61816580593586,17.016656007617712,18.61816580593586,0.11808599643409252,0.09953640848398208,16.343614224344492,18.258854128420353
192,2.0673144152819285e-06,18.574588932096958,17.04659453034401,18.574588932096958,0.11877829991281033,0.09953640848398208,16.343614224344492,18.258854128420353
193,2.02596812697629e-06,18.504048962146044,16.998009961098433,18.504048962146044,0.11892942637205124,0.09953640848398208,16.343614224344492,18.258854128420353
194,1.9854487644367644e-06,18.1980213932693,16.69248817116022,18.1980213932693,0.11858413815498352,0.09953640848398208,16.343614224344492,18.1980213932693
195,1.9457397891480293e-06,18.439683191478252,16.97561066970229,18.439683191478252,0.11724999360740185,0.09953640848398208,16.343614224344492,18.1980213932693
196,1.9068249933650685e-06,19.014626752585173,17.522682026028633,19.014626752585173,0.1173994354903698,0.09953640848398208,16.343614224344492,18.1980213932693
197,1.868688493497767e-06,18.732564739882946,17.23803272470832,18.732564739882946,0.11791570670902729,0.09953640848398208,16.343614224344492,18.1980213932693
198,1.8313147236278114e-06,18.679059468209743,17.178779188543558,18.679059468209743,0.11826075129210949,0.09953640848398208,16.343614224344492,18.1980213932693
199,1.7946884291552554e-06,18.766886223107576,17.256256565451622,18.766886223107576,0.1190022300928831,0.09953640848398208,16.343614224344492,18.1980213932693
200,1.7587946605721501e-06,19.0352960601449,17.511250350624323,19.0352960601449,0.1191567037254572,0.09953640848398208,16.343614224344492,18.1980213932693
201,1.723618767360707e-06,18.42456839606166,16.933238863945007,18.42456839606166,0.1173794224858284,0.09953640848398208,16.343614224344492,18.1980213932693
202,1.689146392013493e-06,18.20421003550291,16.541495207697153,18.20421003550291,0.11721692942082881,0.09953640848398208,16.343614224344492,18.1980213932693
203,1.6553634641732232e-06,18.654847152531147,17.18344183638692,18.654847152531147,0.1212395865470171,0.09953640848398208,16.343614224344492,18.1980213932693
204,1.6222561948897586e-06,18.57326178997755,16.999416794627905,18.57326178997755,0.11926379352807999,0.09953640848398208,16.343614224344492,18.1980213932693
205,1.5898110709919634e-06,18.681802295148373,17.25292532518506,18.681802295148373,0.11788737513124943,0.09953640848398208,16.343614224344492,18.1980213932693
206,1.558014849572124e-06,19.357237741351128,17.362490449100733,19.357237741351128,0.11987275667488576,0.09953640848398208,16.343614224344492,18.1980213932693
207,1.5268545525806816e-06,18.55560601502657,17.08849933743477,18.55560601502657,0.11841737553477287,0.09953640848398208,16.343614224344492,18.1980213932693
208,1.4963174615290679e-06,18.09940806403756,16.624819511547685,18.09940806403756,0.11840484589338303,0.09953640848398208,16.343614224344492,18.09940806403756
209,1.4663911122984866e-06,17.874186269938946,16.46729375422001,17.874186269938946,0.12002110555768013,0.09953640848398208,16.343614224344492,17.874186269938946
210,1.4370632900525169e-06,17.58384285494685,16.150389034301043,17.58384285494685,0.1180589385330677,0.09953640848398208,16.150389034301043,17.58384285494685
211,1.4083220242514665e-06,18.917984385043383,17.447764165699482,18.917984385043383,0.12252215147018433,0.09953640848398208,16.150389034301043,17.58384285494685
212,1.3801555837664372e-06,18.01618831604719,16.570025358349085,18.01618831604719,0.1206994291394949,0.09953640848398208,16.150389034301043,17.58384285494685
213,1.3525524720911083e-06,18.774974040687084,17.233600839972496,18.774974040687084,0.12027004435658455,0.09953640848398208,16.150389034301043,17.58384285494685
214,1.325501422649286e-06,18.11230188049376,16.624876817688346,18.11230188049376,0.1190656904131174,0.09953640848398208,16.150389034301043,17.58384285494685
215,1.2989913941963004e-06,18.39334462210536,16.830987352877855,18.39334462210536,0.11854916512966156,0.09953640848398208,16.150389034301043,17.58384285494685
216,1.2730115663123745e-06,18.02466967701912,16.574025478214025,18.02466967701912,0.11781378313899041,0.09953640848398208,16.150389034301043,17.58384285494685
217,1.2475513349861268e-06,18.176986638456583,16.705312345176935,18.176986638456583,0.11826592981815338,0.09953640848398208,16.150389034301043,17.58384285494685
218,1.2226003082864043e-06,18.5775038972497,16.957806315273046,18.5775038972497,0.11886889412999153,0.09953640848398208,16.150389034301043,17.58384285494685
219,1.1981483021206763e-06,18.357013825327158,16.741090774536133,18.357013825327158,0.12142556123435497,0.09953640848398208,16.150389034301043,17.58384285494685
220,1.1741853360782628e-06,18.731968764215708,17.352894514799118,18.731968764215708,0.11912643015384675,0.09953640848398208,16.150389034301043,17.58384285494685
221,1.1507016293566974e-06,18.179533284157515,16.700689386576414,18.179533284157515,0.12061836495995522,0.09953640848398208,16.150389034301043,17.58384285494685
222,1.1276875967695634e-06,19.135068006813526,17.69490983709693,19.135068006813526,0.1189264167100191,0.09953640848398208,16.150389034301043,17.58384285494685
223,1.1051338448341722e-06,18.72963347658515,16.830427572131157,18.72963347658515,0.11848879829049111,0.09953640848398208,16.150389034301043,17.58384285494685
224,1.0830311679374888e-06,18.32721522822976,16.91613359376788,18.32721522822976,0.11885269694030284,0.09953640848398208,16.150389034301043,17.58384285494685
225,1.0613705445787389e-06,18.478264313191175,17.11826553568244,18.478264313191175,0.11811843551695347,0.09953640848398208,16.150389034301043,17.58384285494685
226,1.040143133687164e-06,19.085936564952135,17.170577760785818,19.085936564952135,0.11939880959689617,0.09953640848398208,16.150389034301043,17.58384285494685
227,1.0193402710134208e-06,18.964879978448153,17.472104787826538,18.964879978448153,0.12006386034190655,0.09953640848398208,16.150389034301043,17.58384285494685
228,1e-06,18.30818524584174,16.594920732080936,18.30818524584174,0.11917339973151683,0.09953640848398208,16.150389034301043,17.58384285494685
229,1e-06,17.907555740326643,16.493122067302465,17.907555740326643,0.11885634288191796,0.09953640848398208,16.150389034301043,17.58384285494685
230,1e-06,18.972367141395807,17.238033894449472,18.972367141395807,0.11850673332810402,0.09953640848398208,16.150389034301043,17.58384285494685
231,1e-06,18.99040102213621,17.552503500133753,18.99040102213621,0.11803600564599037,0.09953640848398208,16.150389034301043,17.58384285494685
232,1e-06,18.849347606301308,16.888317193835974,18.849347606301308,0.11896611042320729,0.09953640848398208,16.150389034301043,17.58384285494685
233,1e-06,18.27674062550068,16.851179406046867,18.27674062550068,0.1188837856054306,0.09953640848398208,16.150389034301043,17.58384285494685
234,1e-06,18.261728323996067,16.600552089512348,18.261728323996067,0.11925835087895394,0.09953640848398208,16.150389034301043,17.58384285494685
235,1e-06,18.136245444417,16.698815260082483,18.136245444417,0.11952329948544502,0.09953640848398208,16.150389034301043,17.58384285494685
236,1e-06,18.553245186805725,17.135712813585997,18.553245186805725,0.1191376268863678,0.09953640848398208,16.150389034301043,17.58384285494685
237,1e-06,18.173911169171333,16.67943248152733,18.173911169171333,0.1188217144459486,0.09953640848398208,16.150389034301043,17.58384285494685
238,1e-06,18.988460931926966,17.47529847547412,18.988460931926966,0.1215262409299612,0.09953640848398208,16.150389034301043,17.58384285494685
239,1e-06,17.868226811289787,16.441769916564226,17.868226811289787,0.11947827823460103,0.09953640848398208,16.150389034301043,17.58384285494685
240,1e-06,18.302630379796028,16.75944598391652,18.302630379796028,0.12008013352751731,0.09953640848398208,16.150389034301043,17.58384285494685
241,1e-06,18.449593394994736,16.974694058299065,18.449593394994736,0.11986460946500302,0.09953640848398208,16.150389034301043,17.58384285494685
242,1e-06,18.372122332453728,16.959909446537495,18.372122332453728,0.11948479525744915,0.09953640848398208,16.150389034301043,17.58384285494685
243,1e-06,18.014075815677643,16.5948019400239,18.014075815677643,0.12020630352199077,0.09953640848398208,16.150389034301043,17.58384285494685
244,1e-06,18.007090598344803,16.452436324208975,18.007090598344803,0.1204245526343584,0.09953640848398208,16.150389034301043,17.58384285494685
245,1e-06,18.12713285908103,16.72812296077609,18.12713285908103,0.1207751240581274,0.09953640848398208,16.150389034301043,17.58384285494685
246,1e-06,18.73331956192851,17.26736704260111,18.73331956192851,0.11810506954789161,0.09953640848398208,16.150389034301043,17.58384285494685
247,1e-06,18.391242388635874,16.73928951099515,18.391242388635874,0.11854511387646198,0.09953640848398208,16.150389034301043,17.58384285494685
248,1e-06,18.317608546465635,16.910430375486612,18.317608546465635,0.11912286952137947,0.09953640848398208,16.150389034301043,17.58384285494685
249,1e-06,17.979435306042433,16.482243539765477,17.979435306042433,0.1210172165185213,0.09953640848398208,16.150389034301043,17.58384285494685
250,1e-06,18.236048862338066,16.74935195595026,18.236048862338066,0.12060048319399357,0.09953640848398208,16.150389034301043,17.58384285494685
251,1e-06,18.430661130696535,16.65108720585704,18.430661130696535,0.11955425180494786,0.09953640848398208,16.150389034301043,17.58384285494685
252,1e-06,18.486084293574095,17.12346464768052,18.486084293574095,0.12060615345835686,0.09953640848398208,16.150389034301043,17.58384285494685
253,1e-06,17.944884415715933,16.60099183022976,17.944884415715933,0.11931651309132577,0.09953640848398208,16.150389034301043,17.58384285494685
254,1e-06,18.537407845258713,17.106937296688557,18.537407845258713,0.1195979319512844,0.09953640848398208,16.150389034301043,17.58384285494685
255,1e-06,18.519478730857372,17.100482255220413,18.519478730857372,0.1191517747938633,0.09953640848398208,16.150389034301043,17.58384285494685
256,1e-06,18.77365631610155,17.235170748084784,18.77365631610155,0.11881289295852185,0.09953640848398208,16.150389034301043,17.58384285494685
257,1e-06,18.32692740485072,16.843699757009745,18.32692740485072,0.11836634390056133,0.09953640848398208,16.150389034301043,17.58384285494685
258,1e-06,18.597570814192295,16.996569145470858,18.597570814192295,0.11861400939524173,0.09953640848398208,16.150389034301043,17.58384285494685
259,1e-06,18.02390246093273,16.67301147431135,18.02390246093273,0.1185491718351841,0.09953640848398208,16.150389034301043,17.58384285494685
260,1e-06,18.408239943906665,16.897512210533023,18.408239943906665,0.1201727919280529,0.09953640848398208,16.150389034301043,17.58384285494685
261,1e-06,18.209760550409555,16.8674388974905,18.209760550409555,0.11841504871845246,0.09953640848398208,16.150389034301043,17.58384285494685
262,1e-06,18.928621109575033,17.074705947190523,18.928621109575033,0.11933179385960102,0.09953640848398208,16.150389034301043,17.58384285494685
263,1e-06,18.499160811305046,17.054150335490704,18.499160811305046,0.1188853345811367,0.09953640848398208,16.150389034301043,17.58384285494685
264,1e-06,17.9438153244555,16.57154466956854,17.9438153244555,0.11776453740894795,0.09953640848398208,16.150389034301043,17.58384285494685
265,1e-06,18.37147342041135,17.082408916205168,18.37147342041135,0.11745806895196438,0.09953640848398208,16.150389034301043,17.58384285494685
266,1e-06,18.056784331798553,16.697575975209475,18.056784331798553,0.11887721791863441,0.09953640848398208,16.150389034301043,17.58384285494685
267,1e-06,19.15872721746564,17.249465223401785,19.15872721746564,0.12070587910711765,0.09953640848398208,16.150389034301043,17.58384285494685
268,1e-06,17.692675553262234,16.331507671624422,17.692675553262234,0.11982251293957233,0.09953640848398208,16.150389034301043,17.58384285494685
269,1e-06,18.73951666802168,16.91991686448455,18.73951666802168,0.11864882782101631,0.09953640848398208,16.150389034301043,17.58384285494685
270,1e-06,18.254312817007303,16.929044254124165,18.254312817007303,0.11963338032364845,0.09953640848398208,16.150389034301043,17.58384285494685
271,1e-06,17.348456010222435,16.015472941100597,17.348456010222435,0.12226907275617123,0.09953640848398208,16.015472941100597,17.348456010222435
272,1e-06,18.135352421551943,16.77816377952695,18.135352421551943,0.12000864706933498,0.09953640848398208,16.015472941100597,17.348456010222435
273,1e-06,18.78757568821311,16.81916570663452,18.78757568821311,0.11911922246217728,0.09953640848398208,16.015472941100597,17.348456010222435
274,1e-06,18.771640514954925,16.950193790718913,18.771640514954925,0.12178382948040962,0.09953640848398208,16.015472941100597,17.348456010222435
275,1e-06,18.868754919618368,17.144398722797632,18.868754919618368,0.12024342268705368,0.09953640848398208,16.015472941100597,17.348456010222435
276,1e-06,18.335178304463625,16.95228323712945,18.335178304463625,0.12076795436441898,0.09953640848398208,16.015472941100597,17.348456010222435
277,1e-06,18.39759625867009,16.970998343080282,18.39759625867009,0.1198119256645441,0.09953640848398208,16.015472941100597,17.348456010222435
278,1e-06,18.623701937496662,17.10415966436267,18.623701937496662,0.11963760443031787,0.09953640848398208,16.015472941100597,17.348456010222435
279,1e-06,18.470107845962048,17.062952533364296,18.470107845962048,0.11782508715987206,0.09953640848398208,16.015472941100597,17.348456010222435
280,1e-06,18.872604582458735,17.436332665383816,18.872604582458735,0.11876626200973987,0.09953640848398208,16.015472941100597,17.348456010222435
281,1e-06,18.035366758704185,16.71555430814624,18.035366758704185,0.11889356784522534,0.09953640848398208,16.015472941100597,17.348456010222435
282,1e-06,18.360089033842087,16.950187634676695,18.360089033842087,0.11844412386417388,0.09953640848398208,16.015472941100597,17.348456010222435
283,1e-06,17.79101825132966,16.38016501069069,17.79101825132966,0.11993852332234382,0.09953640848398208,16.015472941100597,17.348456010222435
284,1e-06,18.45912330970168,17.109171744436026,18.45912330970168,0.11917382255196571,0.09953640848398208,16.015472941100597,17.348456010222435
285,1e-06,18.797448858618736,17.39024993032217,18.797448858618736,0.11911491677165031,0.09953640848398208,16.015472941100597,17.348456010222435
286,1e-06,17.992535013705492,16.627273615449667,17.992535013705492,0.12028177119791508,0.09953640848398208,16.015472941100597,17.348456010222435
287,1e-06,18.395081646740437,16.867754265666008,18.395081646740437,0.11930914521217346,0.09953640848398208,16.015472941100597,17.348456010222435
288,1e-06,18.430851958692074,17.081810642033815,18.430851958692074,0.1192693717777729,0.09953640848398208,16.015472941100597,17.348456010222435
289,1e-06,18.168066017329693,16.714032024145126,18.168066017329693,0.11914318837225438,0.09953640848398208,16.015472941100597,17.348456010222435
290,1e-06,18.09787566959858,16.83724630996585,18.09787566959858,0.11780149266123771,0.09953640848398208,16.015472941100597,17.348456010222435
291,1e-06,18.353808242827654,17.006777100265026,18.353808242827654,0.11851093955338002,0.09953640848398208,16.015472941100597,17.348456010222435
292,1e-06,17.595558375120163,16.2627782933414,17.595558375120163,0.11787612400949002,0.09953640848398208,16.015472941100597,17.348456010222435
293,1e-06,17.970208641141653,16.53489749506116,17.970208641141653,0.11824532561004161,0.09953640848398208,16.015472941100597,17.348456010222435
294,1e-06,18.0876004062593,16.732892595231533,18.0876004062593,0.11902036033570766,0.09953640848398208,16.015472941100597,17.348456010222435
295,1e-06,17.987867012619972,16.69531523063779,17.987867012619972,0.12038096897304058,0.09953640848398208,16.015472941100597,17.348456010222435
296,1e-06,18.27564112469554,16.718198768794537,18.27564112469554,0.1182484794408083,0.09953640848398208,16.015472941100597,17.348456010222435
297,1e-06,18.379496540874243,16.93929636105895,18.379496540874243,0.1185316301882267,0.09953640848398208,16.015472941100597,17.348456010222435
298,1e-06,18.26798227801919,16.956698060035706,18.26798227801919,0.11910753920674325,0.09953640848398208,16.015472941100597,17.348456010222435
299,1e-06,18.58650802448392,17.260039627552032,18.58650802448392,0.11918565146625042,0.09953640848398208,16.015472941100597,17.348456010222435
300,1e-06,18.166692953556776,16.87259991466999,18.166692953556776,0.11718142032623291,0.09953640848398208,16.015472941100597,17.348456010222435
301,1e-06,18.49850022420287,17.054773420095444,18.49850022420287,0.11985062323510647,0.09953640848398208,16.015472941100597,17.348456010222435
302,1e-06,17.790420934557915,16.463447984308004,17.790420934557915,0.11900753900408745,0.09953640848398208,16.015472941100597,17.348456010222435
303,1e-06,18.363505080342293,17.014612317085266,18.363505080342293,0.11934175491333007,0.09953640848398208,16.015472941100597,17.348456010222435
304,1e-06,17.968353029340506,16.644451901316643,17.968353029340506,0.11871920451521874,0.09953640848398208,16.015472941100597,17.348456010222435
305,1e-06,17.79441973939538,16.306502252817154,17.79441973939538,0.11913530491292476,0.09953640848398208,16.015472941100597,17.348456010222435
306,1e-06,18.158125042915344,16.7987643443048,18.158125042915344,0.11836847625672817,0.09953640848398208,16.015472941100597,17.348456010222435
307,1e-06,17.94245506450534,16.63802246749401,17.94245506450534,0.11819621510803699,0.09953640848398208,16.015472941100597,17.348456010222435
308,1e-06,18.064096998423338,16.649963282048702,18.064096998423338,0.12066263183951378,0.09953640848398208,16.015472941100597,17.348456010222435
309,1e-06,18.4545436501503,17.146296337246895,18.4545436501503,0.11946550756692886,0.09953640848398208,16.015472941100597,17.348456010222435
310,1e-06,17.84900028631091,16.58568811789155,17.84900028631091,0.11839485988020897,0.09953640848398208,16.015472941100597,17.348456010222435
311,1e-06,18.294521160423756,16.914854299277067,18.294521160423756,0.11971447058022022,0.09953640848398208,16.015472941100597,17.348456010222435
312,1e-06,18.21229499951005,16.877855155617,18.21229499951005,0.11833955310285091,0.09953640848398208,16.015472941100597,17.348456010222435
313,1e-06,18.6021648645401,17.33239994570613,18.6021648645401,0.11866255141794682,0.09953640848398208,16.015472941100597,17.348456010222435
314,1e-06,18.646342761814594,17.09707634523511,18.646342761814594,0.11934477239847183,0.09953640848398208,16.015472941100597,17.348456010222435
315,1e-06,17.790007323026657,16.523792766034603,17.790007323026657,0.11991306953132153,0.09953640848398208,16.015472941100597,17.348456010222435
316,1e-06,18.20274269580841,16.895394764840603,18.20274269580841,0.11949388533830643,0.09953640848398208,16.015472941100597,17.348456010222435
317,1e-06,18.967018481343985,17.593548472970724,18.967018481343985,0.1205576803535223,0.09953640848398208,16.015472941100597,17.348456010222435
318,1e-06,17.856195654720068,16.329226322472095,17.856195654720068,0.11931355856359005,0.09953640848398208,16.015472941100597,17.348456010222435
319,1e-06,18.911407001316547,17.187782902270555,18.911407001316547,0.11925682276487351,0.09953640848398208,16.015472941100597,17.348456010222435
320,1e-06,18.100675374269485,16.53433919325471,18.100675374269485,0.11870130002498627,0.09953640848398208,16.015472941100597,17.348456010222435
321,1e-06,18.2912643738091,17.019729048013687,18.2912643738091,0.11864057406783104,0.09953640848398208,16.015472941100597,17.348456010222435
322,1e-06,18.55301744490862,17.25395216792822,18.55301744490862,0.12034041658043862,0.09953640848398208,16.015472941100597,17.348456010222435
323,1e-06,18.329354509711266,16.76717985793948,18.329354509711266,0.12030381448566914,0.09953640848398208,16.015472941100597,17.348456010222435
324,1e-06,18.108941055834293,16.74826069548726,18.108941055834293,0.11878825612366199,0.09953640848398208,16.015472941100597,17.348456010222435
325,1e-06,17.987101301550865,16.720033161342144,17.987101301550865,0.11843215078115463,0.09953640848398208,16.015472941100597,17.348456010222435
326,1e-06,18.84079572185874,17.28601485490799,18.84079572185874,0.1187992438673973,0.09953640848398208,16.015472941100597,17.348456010222435
327,1e-06,17.607188533991575,16.294512931257486,17.607188533991575,0.11999589838087558,0.09953640848398208,16.015472941100597,17.348456010222435
328,1e-06,18.08896093815565,16.767334043979645,18.08896093815565,0.1202400166541338,0.09953640848398208,16.015472941100597,17.348456010222435
329,1e-06,18.135926317423582,16.860205244272947,18.135926317423582,0.1201243031769991,0.09953640848398208,16.015472941100597,17.348456010222435
330,1e-06,18.866444036364555,17.16207702830434,18.866444036364555,0.11955702938139438,0.09953640848398208,16.015472941100597,17.348456010222435
331,1e-06,17.987443827092648,16.714464396238327,17.987443827092648,0.1202207576483488,0.09953640848398208,16.015472941100597,17.348456010222435
332,1e-06,18.006923411041498,16.73502739518881,18.006923411041498,0.11905821226537228,0.09953640848398208,16.015472941100597,17.348456010222435
333,1e-06,17.898171555250883,16.598217993974686,17.898171555250883,0.11930179707705975,0.09953640848398208,16.015472941100597,17.348456010222435
334,1e-06,18.259639404714108,16.947074007242918,18.259639404714108,0.12003157623112201,0.09953640848398208,16.015472941100597,17.348456010222435
335,1e-06,18.671265799552202,17.306643322110176,18.671265799552202,0.11886204555630683,0.09953640848398208,16.015472941100597,17.348456010222435
336,1e-06,18.16653684899211,16.86769200116396,18.16653684899211,0.1205412395298481,0.09953640848398208,16.015472941100597,17.348456010222435
337,1e-06,18.51099084317684,17.250772152096033,18.51099084317684,0.11959273889660835,0.09953640848398208,16.015472941100597,17.348456010222435
338,1e-06,18.854659095406532,17.449196007102728,18.854659095406532,0.11973348297178746,0.09953640848398208,16.015472941100597,17.348456010222435
339,1e-06,18.044764440506697,16.788755517452955,18.044764440506697,0.11946540996432305,0.09953640848398208,16.015472941100597,17.348456010222435
340,1e-06,18.32480041310191,16.65683700889349,18.32480041310191,0.11988308280706406,0.09953640848398208,16.015472941100597,17.348456010222435
341,1e-06,18.454947143793106,17.210893217474222,18.454947143793106,0.12047418020665646,0.09953640848398208,16.015472941100597,17.348456010222435
342,1e-06,18.253703236579895,16.888977523893118,18.253703236579895,0.12072704620659351,0.09953640848398208,16.015472941100597,17.348456010222435
343,1e-06,18.25996646285057,17.0278945453465,18.25996646285057,0.12029403485357762,0.09953640848398208,16.015472941100597,17.348456010222435
344,1e-06,18.64965097978711,17.40290179848671,18.64965097978711,0.11873916760087014,0.09953640848398208,16.015472941100597,17.348456010222435
345,1e-06,18.206167474389076,16.96300471201539,18.206167474389076,0.12031071372330189,0.09953640848398208,16.015472941100597,17.348456010222435
346,1e-06,17.885343100875616,16.58585585653782,17.885343100875616,0.11854183077812194,0.09953640848398208,16.015472941100597,17.348456010222435
347,1e-06,17.771741595119238,16.56071785464883,17.771741595119238,0.118809325248003,0.09953640848398208,16.015472941100597,17.348456010222435
348,1e-06,18.5080943480134,17.21854428574443,18.5080943480134,0.11983274929225445,0.09953640848398208,16.015472941100597,17.348456010222435
349,1e-06,18.742019407451153,17.21028431504965,18.742019407451153,0.12006528675556183,0.09953640848398208,16.015472941100597,17.348456010222435
350,1e-06,18.080179762095213,16.51966444402933,18.080179762095213,0.11925790198147297,0.09953640848398208,16.015472941100597,17.348456010222435
351,1e-06,18.516101129353046,17.018535017967224,18.516101129353046,0.1201612837612629,0.09953640848398208,16.015472941100597,17.348456010222435
352,1e-06,18.510031826794147,17.161748722195625,18.510031826794147,0.11896040961146355,0.09953640848398208,16.015472941100597,17.348456010222435
353,1e-06,17.733521662652493,16.49142736569047,17.733521662652493,0.1190389271825552,0.09953640848398208,16.015472941100597,17.348456010222435
354,1e-06,18.343996796756983,17.042295642197132,18.343996796756983,0.11836732886731624,0.09953640848398208,16.015472941100597,17.348456010222435
355,1e-06,18.632071189582348,17.36467856168747,18.632071189582348,0.11751644313335419,0.09953640848398208,16.015472941100597,17.348456010222435
356,1e-06,17.96953208371997,16.66875994205475,17.96953208371997,0.11753490492701531,0.09953640848398208,16.015472941100597,17.348456010222435
357,1e-06,18.017312087118626,16.574431594461203,18.017312087118626,0.11928923577070236,0.09953640848398208,16.015472941100597,17.348456010222435
358,1e-06,18.527496747672558,16.989058569073677,18.527496747672558,0.12040488943457603,0.09953640848398208,16.015472941100597,17.348456010222435
359,1e-06,18.580275144428015,17.210529156029224,18.580275144428015,0.12109357118606567,0.09953640848398208,16.015472941100597,17.348456010222435
